[
  {
    "id": "19dfc7d1-7cee-45b3-aa20-26b0fe53fbdd",
    "data": [
      {
        "text": "Вязание",
        "userDefined": false
      }
    ],
    "isTemplate": false,
    "count": 0,
    "lang": "ru",
    "updated": 0
  },
  {
    "id": "e20a0a41-66e8-4a56-806e-6317a3cf5c3f",
    "data": [
      {
        "text": "Домашняя",
        "meta": "@Course",
        "alias": "course",
        "userDefined": false
      },
      {
        "text": " самозанятость",
        "userDefined": false
      }
    ],
    "isTemplate": false,
    "count": 0,
    "lang": "ru",
    "updated": 0
  },
  {
    "id": "0e3895e5-ae4a-4d6e-9e83-e71679fa9b41",
    "data": [
      {
        "text": "Дом занятость",
        "meta": "@Course",
        "alias": "course",
        "userDefined": false
      }
    ],
    "isTemplate": false,
    "count": 0,
    "lang": "ru",
    "updated": 0
  }
]