[
  {
    "id": "0afa8a26-43f7-4ec9-8e2c-7d644b31d552",
    "data": [
      {
        "text": "где очередь на обучение?",
        "userDefined": false
      }
    ],
    "isTemplate": false,
    "count": 0,
    "lang": "ru",
    "updated": 0
  },
  {
    "id": "22b466fe-e6d0-40c6-80c9-4194547c467d",
    "data": [
      {
        "text": "Запишите  ",
        "userDefined": false
      },
      {
        "text": "Анну",
        "meta": "@sys.person",
        "alias": "person",
        "userDefined": false
      },
      {
        "text": " на курс",
        "userDefined": false
      }
    ],
    "isTemplate": false,
    "count": 0,
    "lang": "ru",
    "updated": 0
  },
  {
    "id": "4b143946-e9a7-4b93-b165-8290b79bfc9a",
    "data": [
      {
        "text": "Хочу на курс",
        "userDefined": false
      }
    ],
    "isTemplate": false,
    "count": 0,
    "lang": "ru",
    "updated": 0
  },
  {
    "id": "178726bc-ddf9-4483-a646-19c65a4df81a",
    "data": [
      {
        "text": "Запишите на курс",
        "userDefined": false
      }
    ],
    "isTemplate": false,
    "count": 0,
    "lang": "ru",
    "updated": 0
  }
]